"Index","Price"
2018-04-12 00:00:59,6933.5
2018-04-12 00:01:58,6937.5
2018-04-12 00:02:59,6937.5
2018-04-12 00:03:59,6937.5
2018-04-12 00:04:58,6937.5
2018-04-12 00:05:59,6937.5
2018-04-12 00:06:57,6938.5
2018-04-12 00:07:54,6938.5
2018-04-12 00:08:59,6946.5
2018-04-12 00:09:58,6939.5
2018-04-12 00:10:59,6935.5
2018-04-12 00:11:59,6932
2018-04-12 00:12:58,6931.5
2018-04-12 00:13:59,6926.5
2018-04-12 00:14:57,6928
2018-04-12 00:15:59,6927.5
2018-04-12 00:16:59,6929
2018-04-12 00:17:57,6929
2018-04-12 00:18:56,6929
2018-04-12 00:19:59,6932
2018-04-12 00:20:58,6932
2018-04-12 00:21:57,6929.5
2018-04-12 00:22:57,6929
2018-04-12 00:23:57,6929
2018-04-12 00:24:57,6929
2018-04-12 00:25:59,6929.5
2018-04-12 00:26:56,6929
2018-04-12 00:27:59,6929
2018-04-12 00:28:59,6934.5
2018-04-12 00:29:58,6935
2018-04-12 00:30:59,6934.5
2018-04-12 00:31:59,6935
2018-04-12 00:32:58,6934
2018-04-12 00:33:57,6933.5
2018-04-12 00:34:59,6934
2018-04-12 00:35:58,6933.5
2018-04-12 00:36:58,6934
2018-04-12 00:37:58,6933.5
2018-04-12 00:38:51,6933.5
2018-04-12 00:39:56,6933.5
2018-04-12 00:40:58,6935
2018-04-12 00:41:53,6934.5
2018-04-12 00:42:55,6934.5
2018-04-12 00:43:56,6935
2018-04-12 00:44:58,6928.5
2018-04-12 00:45:59,6921.5
2018-04-12 00:46:58,6923.5
2018-04-12 00:47:54,6924.5
2018-04-12 00:48:58,6924.5
2018-04-12 00:49:59,6924.5
2018-04-12 00:50:59,6922.5
2018-04-12 00:51:59,6920.5
2018-04-12 00:52:59,6920.5
2018-04-12 00:53:56,6921.5
2018-04-12 00:54:58,6921.5
2018-04-12 00:55:58,6921
2018-04-12 00:56:56,6920.5
2018-04-12 00:57:59,6919.5
2018-04-12 00:58:59,6919.5
2018-04-12 00:59:58,6919.5
2018-04-12 01:00:59,6914
2018-04-12 01:01:59,6910.5
2018-04-12 01:02:59,6900
2018-04-12 01:03:59,6890.5
2018-04-12 01:04:59,6903.5
2018-04-12 01:05:59,6904.5
2018-04-12 01:06:59,6905.5
2018-04-12 01:07:59,6908
2018-04-12 01:08:59,6907
2018-04-12 01:09:59,6914
2018-04-12 01:10:59,6912
2018-04-12 01:11:58,6912
2018-04-12 01:12:55,6912
2018-04-12 01:13:59,6912.5
2018-04-12 01:14:59,6912.5
2018-04-12 01:15:58,6916
2018-04-12 01:16:57,6919
2018-04-12 01:17:59,6917.5
2018-04-12 01:18:57,6919
2018-04-12 01:19:59,6918.5
2018-04-12 01:20:59,6914.5
2018-04-12 01:21:59,6908.5
2018-04-12 01:22:59,6912.5
2018-04-12 01:23:58,6912.5
2018-04-12 01:24:57,6912.5
2018-04-12 01:25:59,6912.5
2018-04-12 01:26:58,6912.5
2018-04-12 01:27:59,6910
2018-04-12 01:28:59,6904.5
2018-04-12 01:29:59,6897.5
2018-04-12 01:30:59,6899
2018-04-12 01:31:59,6906.5
2018-04-12 01:32:59,6903
2018-04-12 01:33:58,6905.5
2018-04-12 01:34:57,6906.5
2018-04-12 01:35:59,6910.5
2018-04-12 01:36:59,6908
2018-04-12 01:37:59,6908.5
2018-04-12 01:38:51,6909
2018-04-12 01:39:58,6910
2018-04-12 01:40:58,6913.5
2018-04-12 01:41:57,6914
2018-04-12 01:42:52,6911
2018-04-12 01:43:55,6911
2018-04-12 01:44:59,6911
2018-04-12 01:45:57,6911
2018-04-12 01:46:58,6912.5
2018-04-12 01:47:57,6912.5
2018-04-12 01:48:59,6914.5
2018-04-12 01:49:58,6916.5
2018-04-12 01:50:57,6916.5
2018-04-12 01:51:58,6916.5
2018-04-12 01:52:58,6916.5
2018-04-12 01:53:58,6917.5
2018-04-12 01:54:59,6922.5
2018-04-12 01:55:59,6924
2018-04-12 01:56:59,6917.5
2018-04-12 01:57:58,6917
2018-04-12 01:58:58,6920
2018-04-12 01:59:59,6925.5
2018-04-12 02:00:58,6926
2018-04-12 02:01:59,6925.5
2018-04-12 02:02:59,6919.5
2018-04-12 02:03:58,6919.5
2018-04-12 02:04:57,6920
2018-04-12 02:05:59,6919.5
2018-04-12 02:06:58,6920
2018-04-12 02:07:46,6920
2018-04-12 02:08:58,6919.5
2018-04-12 02:09:57,6917.5
2018-04-12 02:10:48,6917
2018-04-12 02:11:58,6917
2018-04-12 02:12:57,6917
2018-04-12 02:13:58,6917.5
2018-04-12 02:14:57,6919.5
2018-04-12 02:15:59,6920
2018-04-12 02:16:58,6923.5
2018-04-12 02:17:58,6924
2018-04-12 02:18:57,6923.5
2018-04-12 02:19:57,6923.5
2018-04-12 02:20:57,6924
2018-04-12 02:21:55,6923.5
2018-04-12 02:22:54,6924
2018-04-12 02:23:58,6923.5
2018-04-12 02:24:59,6924
2018-04-12 02:25:57,6925
2018-04-12 02:26:59,6928.5
2018-04-12 02:27:59,6929
2018-04-12 02:28:59,6931.5
2018-04-12 02:29:57,6930.5
2018-04-12 02:30:59,6928.5
2018-04-12 02:31:58,6928.5
2018-04-12 02:32:56,6928.5
2018-04-12 02:33:56,6928.5
2018-04-12 02:34:59,6928
2018-04-12 02:35:57,6928
2018-04-12 02:36:56,6928
2018-04-12 02:37:59,6929
2018-04-12 02:38:58,6923
2018-04-12 02:39:58,6925.5
2018-04-12 02:40:59,6924.5
2018-04-12 02:41:58,6924
2018-04-12 02:42:59,6922.5
2018-04-12 02:43:58,6923
2018-04-12 02:44:59,6922
2018-04-12 02:45:53,6921.5
2018-04-12 02:46:58,6922
2018-04-12 02:47:57,6922
2018-04-12 02:48:59,6922
2018-04-12 02:49:59,6921.5
2018-04-12 02:50:59,6925.5
2018-04-12 02:51:59,6927.5
2018-04-12 02:52:59,6928
2018-04-12 02:53:57,6930.5
2018-04-12 02:54:59,6931
2018-04-12 02:55:59,6933.5
2018-04-12 02:56:58,6933.5
2018-04-12 02:57:56,6933.5
2018-04-12 02:58:59,6934
2018-04-12 02:59:57,6934
2018-04-12 03:00:58,6934.5
2018-04-12 03:01:59,6936
2018-04-12 03:02:59,6941.5
2018-04-12 03:03:59,6941
2018-04-12 03:04:59,6942
2018-04-12 03:05:59,6941.5
2018-04-12 03:06:59,6937.5
2018-04-12 03:07:59,6932
2018-04-12 03:08:57,6932
2018-04-12 03:09:57,6932
2018-04-12 03:10:58,6932.5
2018-04-12 03:11:59,6932.5
2018-04-12 03:12:57,6938.5
2018-04-12 03:13:59,6940
2018-04-12 03:14:59,6941.5
2018-04-12 03:15:59,6942
2018-04-12 03:16:59,6942
2018-04-12 03:17:58,6942
2018-04-12 03:18:58,6938
2018-04-12 03:19:59,6934.5
2018-04-12 03:20:58,6929.5
2018-04-12 03:21:58,6929
2018-04-12 03:22:59,6928
2018-04-12 03:23:59,6928
2018-04-12 03:24:59,6929.5
2018-04-12 03:25:59,6932.5
2018-04-12 03:26:59,6935.5
2018-04-12 03:27:59,6935
2018-04-12 03:28:58,6934.5
2018-04-12 03:29:59,6934.5
2018-04-12 03:30:58,6934.5
2018-04-12 03:31:58,6934.5
2018-04-12 03:32:59,6934.5
2018-04-12 03:33:52,6932
2018-04-12 03:34:57,6930.5
2018-04-12 03:35:59,6930
2018-04-12 03:36:53,6930
2018-04-12 03:37:54,6930
2018-04-12 03:38:59,6921
2018-04-12 03:39:58,6924
2018-04-12 03:40:58,6924
2018-04-12 03:41:59,6924.5
2018-04-12 03:42:59,6924.5
2018-04-12 03:43:54,6924
2018-04-12 03:44:56,6922.5
2018-04-12 03:45:59,6923.5
2018-04-12 03:46:58,6927.5
2018-04-12 03:47:59,6929.5
2018-04-12 03:48:59,6929.5
2018-04-12 03:49:57,6929.5
2018-04-12 03:50:59,6930
2018-04-12 03:51:55,6932
2018-04-12 03:52:59,6932
2018-04-12 03:53:59,6933
2018-04-12 03:54:59,6931
2018-04-12 03:55:55,6930.5
2018-04-12 03:56:49,6930.5
2018-04-12 03:57:59,6930.5
2018-04-12 03:58:55,6930
2018-04-12 03:59:56,6930
2018-04-12 04:00:59,6930
2018-04-12 04:01:58,6925.5
2018-04-12 04:02:59,6925.5
2018-04-12 04:03:59,6926
2018-04-12 04:04:59,6926
2018-04-12 04:05:58,6926
2018-04-12 04:06:59,6925.5
2018-04-12 04:07:58,6926
2018-04-12 04:08:58,6925.5
2018-04-12 04:09:57,6925.5
2018-04-12 04:10:57,6926
2018-04-12 04:11:58,6925.5
2018-04-12 04:12:59,6925.5
2018-04-12 04:13:59,6925.5
2018-04-12 04:14:59,6926
2018-04-12 04:15:58,6927
2018-04-12 04:16:54,6927
2018-04-12 04:17:59,6927
2018-04-12 04:18:59,6929.5
2018-04-12 04:19:59,6935
2018-04-12 04:20:59,6934
2018-04-12 04:21:56,6934
2018-04-12 04:22:58,6930.5
2018-04-12 04:23:56,6930.5
2018-04-12 04:24:57,6930
2018-04-12 04:25:58,6930.5
2018-04-12 04:26:59,6932.5
2018-04-12 04:27:59,6932.5
2018-04-12 04:28:59,6932.5
2018-04-12 04:29:57,6932.5
2018-04-12 04:30:58,6933
2018-04-12 04:31:52,6933
2018-04-12 04:32:59,6934
2018-04-12 04:33:59,6936
2018-04-12 04:34:59,6942
2018-04-12 04:35:59,6941.5
2018-04-12 04:36:59,6937
2018-04-12 04:37:59,6939.5
2018-04-12 04:38:59,6940
2018-04-12 04:39:59,6939.5
2018-04-12 04:40:59,6939
2018-04-12 04:41:58,6942.5
2018-04-12 04:42:59,6942.5
2018-04-12 04:43:59,6941.5
2018-04-12 04:44:58,6939.5
2018-04-12 04:45:56,6939
2018-04-12 04:46:58,6939.5
2018-04-12 04:47:55,6939
2018-04-12 04:48:58,6939.5
2018-04-12 04:49:58,6939
2018-04-12 04:50:57,6937
2018-04-12 04:51:59,6937.5
2018-04-12 04:52:54,6937
2018-04-12 04:53:59,6937.5
2018-04-12 04:54:57,6942
2018-04-12 04:55:59,6944.5
2018-04-12 04:56:59,6946
2018-04-12 04:57:59,6945
2018-04-12 04:58:59,6943.5
2018-04-12 04:59:58,6945
2018-04-12 05:00:59,6944.5
2018-04-12 05:01:58,6942
2018-04-12 05:02:59,6939.5
2018-04-12 05:03:58,6939.5
2018-04-12 05:04:59,6940
2018-04-12 05:05:59,6939
2018-04-12 05:06:59,6938.5
2018-04-12 05:07:57,6936.5
2018-04-12 05:08:59,6935.5
2018-04-12 05:09:59,6926.5
2018-04-12 05:10:59,6923
2018-04-12 05:11:58,6926
2018-04-12 05:12:57,6930.5
2018-04-12 05:13:55,6931
2018-04-12 05:14:59,6934.5
2018-04-12 05:15:58,6934
2018-04-12 05:16:58,6932.5
2018-04-12 05:17:59,6931
2018-04-12 05:18:58,6929.5
2018-04-12 05:19:57,6928
2018-04-12 05:20:59,6927
2018-04-12 05:21:58,6927
2018-04-12 05:22:58,6927
2018-04-12 05:23:59,6923
2018-04-12 05:24:59,6924
2018-04-12 05:25:59,6913.5
2018-04-12 05:26:58,6926
2018-04-12 05:27:55,6924.5
2018-04-12 05:28:55,6923.5
2018-04-12 05:29:59,6921
2018-04-12 05:30:57,6921
2018-04-12 05:31:59,6917
2018-04-12 05:32:57,6918.5
2018-04-12 05:33:58,6921.5
2018-04-12 05:34:59,6921
2018-04-12 05:35:58,6921
2018-04-12 05:36:59,6918.5
2018-04-12 05:37:58,6918.5
2018-04-12 05:38:57,6918.5
2018-04-12 05:39:58,6922
2018-04-12 05:40:59,6929.5
2018-04-12 05:41:59,6928
2018-04-12 05:42:58,6927.5
2018-04-12 05:43:58,6928
2018-04-12 05:44:58,6928
2018-04-12 05:45:59,6928.5
2018-04-12 05:46:58,6928.5
2018-04-12 05:47:59,6930
2018-04-12 05:48:59,6930
2018-04-12 05:49:57,6930
2018-04-12 05:50:58,6929.5
2018-04-12 05:51:59,6930
2018-04-12 05:52:58,6930
2018-04-12 05:53:58,6929.5
2018-04-12 05:54:59,6929.5
2018-04-12 05:55:59,6929
2018-04-12 05:56:54,6926.5
2018-04-12 05:57:58,6926
2018-04-12 05:58:59,6926
2018-04-12 05:59:57,6926
2018-04-12 06:00:57,6926
2018-04-12 06:01:59,6926
2018-04-12 06:02:49,6925.5
2018-04-12 06:03:58,6924
2018-04-12 06:04:59,6926
2018-04-12 06:05:58,6926
2018-04-12 06:06:59,6927.5
2018-04-12 06:07:58,6928.5
2018-04-12 06:08:59,6928
2018-04-12 06:09:56,6928.5
2018-04-12 06:10:58,6928.5
2018-04-12 06:11:55,6926.5
2018-04-12 06:12:59,6925
2018-04-12 06:13:59,6923.5
2018-04-12 06:14:59,6921.5
2018-04-12 06:15:59,6920.5
2018-04-12 06:16:59,6921
2018-04-12 06:17:59,6920
2018-04-12 06:18:59,6920
2018-04-12 06:19:59,6917.5
2018-04-12 06:20:59,6920
2018-04-12 06:21:58,6920.5
2018-04-12 06:22:58,6920
2018-04-12 06:23:57,6920.5
2018-04-12 06:24:57,6920.5
2018-04-12 06:25:57,6920.5
2018-04-12 06:26:59,6920
2018-04-12 06:27:48,6920.5
2018-04-12 06:28:49,6920.5
2018-04-12 06:29:58,6920
2018-04-12 06:30:59,6920.5
2018-04-12 06:31:59,6918
2018-04-12 06:32:59,6917.5
2018-04-12 06:33:59,6917
2018-04-12 06:34:59,6916
2018-04-12 06:35:59,6911
2018-04-12 06:36:59,6914
2018-04-12 06:37:59,6916
2018-04-12 06:38:57,6917.5
2018-04-12 06:39:58,6919.5
2018-04-12 06:40:59,6916.5
2018-04-12 06:41:59,6916.5
2018-04-12 06:42:59,6916.5
2018-04-12 06:43:59,6906
2018-04-12 06:44:59,6890.5
2018-04-12 06:45:59,6900.5
2018-04-12 06:46:59,6903
2018-04-12 06:47:59,6911.5
2018-04-12 06:48:59,6913.5
2018-04-12 06:49:59,6913
2018-04-12 06:50:58,6911
2018-04-12 06:51:59,6907.5
2018-04-12 06:52:59,6908
2018-04-12 06:53:59,6899.5
2018-04-12 06:54:58,6905.5
2018-04-12 06:55:59,6894
2018-04-12 06:56:59,6823
2018-04-12 06:57:59,6731
2018-04-12 06:58:59,6754
2018-04-12 06:59:59,6756
2018-04-12 07:00:59,6755.5
2018-04-12 07:01:59,6780.5
2018-04-12 07:02:59,6777.5
2018-04-12 07:03:59,6755
2018-04-12 07:04:59,6756
2018-04-12 07:05:59,6759.5
2018-04-12 07:06:59,6780
2018-04-12 07:07:59,6794
2018-04-12 07:08:59,6810
2018-04-12 07:09:59,6788
2018-04-12 07:10:59,6804
2018-04-12 07:11:59,6798.5
2018-04-12 07:12:59,6790
2018-04-12 07:13:59,6800.5
2018-04-12 07:14:59,6812
2018-04-12 07:15:59,6812
2018-04-12 07:16:59,6804
2018-04-12 07:17:59,6815
2018-04-12 07:18:59,6805.5
2018-04-12 07:19:59,6810
2018-04-12 07:20:59,6810
2018-04-12 07:21:59,6800.5
2018-04-12 07:22:59,6801
2018-04-12 07:23:59,6799
2018-04-12 07:24:59,6801.5
2018-04-12 07:25:59,6810
2018-04-12 07:26:59,6813
2018-04-12 07:27:58,6813
2018-04-12 07:28:59,6812.5
2018-04-12 07:29:59,6805.5
2018-04-12 07:30:59,6802
2018-04-12 07:31:59,6809
2018-04-12 07:32:59,6805.5
2018-04-12 07:33:58,6812
2018-04-12 07:34:59,6815.5
2018-04-12 07:35:59,6819
2018-04-12 07:36:59,6819.5
2018-04-12 07:37:58,6825.5
2018-04-12 07:38:59,6827.5
2018-04-12 07:39:59,6831
2018-04-12 07:40:59,6830
2018-04-12 07:41:59,6829.5
2018-04-12 07:42:59,6834
2018-04-12 07:43:59,6836
2018-04-12 07:44:59,6834
2018-04-12 07:45:59,6832.5
2018-04-12 07:46:59,6830
2018-04-12 07:47:56,6827.5
2018-04-12 07:48:59,6826
2018-04-12 07:49:59,6822.5
2018-04-12 07:50:59,6823
2018-04-12 07:51:59,6822.5
2018-04-12 07:52:59,6826
2018-04-12 07:53:59,6826.5
2018-04-12 07:54:58,6826.5
2018-04-12 07:55:59,6824
2018-04-12 07:56:59,6815.5
2018-04-12 07:57:59,6818
2018-04-12 07:58:57,6819.5
2018-04-12 07:59:59,6822.5
2018-04-12 08:00:59,6822
2018-04-12 08:01:59,6820
2018-04-12 08:02:58,6820
2018-04-12 08:03:59,6817.5
2018-04-12 08:04:58,6814
2018-04-12 08:05:59,6814
2018-04-12 08:06:58,6817.5
2018-04-12 08:07:59,6813.5
2018-04-12 08:08:59,6813
2018-04-12 08:09:58,6813.5
2018-04-12 08:10:58,6813
2018-04-12 08:11:59,6819.5
2018-04-12 08:12:59,6826
2018-04-12 08:13:58,6830
2018-04-12 08:14:59,6830
2018-04-12 08:15:59,6823.5
2018-04-12 08:16:59,6828.5
2018-04-12 08:17:59,6826.5
2018-04-12 08:18:59,6823.5
2018-04-12 08:19:59,6823.5
2018-04-12 08:20:57,6822.5
2018-04-12 08:21:59,6823.5
2018-04-12 08:22:59,6829
2018-04-12 08:23:58,6823.5
2018-04-12 08:24:56,6822
2018-04-12 08:25:57,6826.5
2018-04-12 08:26:58,6823
2018-04-12 08:27:56,6827
2018-04-12 08:28:59,6831.5
2018-04-12 08:29:59,6826
2018-04-12 08:30:59,6826.5
2018-04-12 08:31:58,6829
2018-04-12 08:32:58,6828.5
2018-04-12 08:33:57,6826
2018-04-12 08:34:59,6829
2018-04-12 08:35:56,6830.5
2018-04-12 08:36:57,6830.5
2018-04-12 08:37:59,6831
2018-04-12 08:38:59,6831
2018-04-12 08:39:58,6831.5
2018-04-12 08:40:58,6831
2018-04-12 08:41:57,6826.5
2018-04-12 08:42:59,6826
2018-04-12 08:43:58,6826
2018-04-12 08:44:57,6826
2018-04-12 08:45:58,6827
2018-04-12 08:46:59,6828.5
2018-04-12 08:47:57,6830.5
2018-04-12 08:48:59,6833.5
2018-04-12 08:49:58,6832.5
2018-04-12 08:50:59,6832.5
2018-04-12 08:51:57,6835
2018-04-12 08:52:59,6837
2018-04-12 08:53:59,6838
2018-04-12 08:54:59,6838
2018-04-12 08:55:59,6838
2018-04-12 08:56:58,6833
2018-04-12 08:57:58,6833
2018-04-12 08:58:58,6833.5
2018-04-12 08:59:57,6833
2018-04-12 09:00:59,6833
2018-04-12 09:01:59,6833
2018-04-12 09:02:58,6833.5
2018-04-12 09:03:58,6835.5
2018-04-12 09:04:57,6835
2018-04-12 09:05:59,6835
2018-04-12 09:06:59,6833
2018-04-12 09:07:59,6832
2018-04-12 09:08:58,6832.5
2018-04-12 09:09:59,6832
2018-04-12 09:10:59,6831
2018-04-12 09:11:59,6828
2018-04-12 09:12:59,6827
2018-04-12 09:13:57,6826.5
2018-04-12 09:14:59,6826.5
2018-04-12 09:15:59,6825.5
2018-04-12 09:16:59,6825.5
2018-04-12 09:17:59,6824
2018-04-12 09:18:59,6822.5
2018-04-12 09:19:59,6822.5
2018-04-12 09:20:59,6825.5
2018-04-12 09:21:59,6823.5
2018-04-12 09:22:58,6823.5
2018-04-12 09:23:59,6823.5
2018-04-12 09:24:59,6824
2018-04-12 09:25:59,6822
2018-04-12 09:26:58,6820.5
2018-04-12 09:27:59,6820.5
2018-04-12 09:28:59,6826
2018-04-12 09:29:57,6826
2018-04-12 09:30:56,6826
2018-04-12 09:31:57,6826
2018-04-12 09:32:59,6826.5
2018-04-12 09:33:57,6826
2018-04-12 09:34:58,6826.5
2018-04-12 09:35:58,6825
2018-04-12 09:36:59,6823
2018-04-12 09:37:59,6823.5
2018-04-12 09:38:59,6822
2018-04-12 09:39:59,6817
2018-04-12 09:40:58,6820.5
2018-04-12 09:41:59,6820.5
2018-04-12 09:42:57,6821
2018-04-12 09:43:58,6821.5
2018-04-12 09:44:59,6821
2018-04-12 09:45:59,6826.5
2018-04-12 09:46:57,6827
2018-04-12 09:47:59,6833.5
2018-04-12 09:48:59,6835.5
2018-04-12 09:49:59,6831.5
2018-04-12 09:50:59,6830
2018-04-12 09:51:59,6830.5
2018-04-12 09:52:57,6831.5
2018-04-12 09:53:58,6833
2018-04-12 09:54:53,6833
2018-04-12 09:55:59,6833.5
2018-04-12 09:56:57,6833.5
2018-04-12 09:57:59,6839.5
2018-04-12 09:58:59,6845
2018-04-12 09:59:59,6842
2018-04-12 10:00:59,6839.5
2018-04-12 10:01:59,6840
2018-04-12 10:02:57,6840
2018-04-12 10:03:59,6843
2018-04-12 10:04:59,6839.5
2018-04-12 10:05:58,6838.5
2018-04-12 10:06:59,6837
2018-04-12 10:07:55,6835.5
2018-04-12 10:08:57,6835
2018-04-12 10:09:57,6835.5
2018-04-12 10:10:59,6838.5
2018-04-12 10:11:55,6839
2018-04-12 10:12:59,6839
2018-04-12 10:13:59,6839
2018-04-12 10:14:59,6840
2018-04-12 10:15:59,6844.5
2018-04-12 10:16:59,6843
2018-04-12 10:17:58,6843
2018-04-12 10:18:59,6841
2018-04-12 10:19:58,6841
2018-04-12 10:20:59,6842.5
2018-04-12 10:21:58,6841
2018-04-12 10:22:56,6838
2018-04-12 10:23:59,6838.5
2018-04-12 10:24:56,6838.5
2018-04-12 10:25:59,6838
2018-04-12 10:26:53,6838.5
2018-04-12 10:27:59,6838.5
2018-04-12 10:28:59,6839.5
2018-04-12 10:29:58,6843
2018-04-12 10:30:58,6843.5
2018-04-12 10:31:59,6845
2018-04-12 10:32:59,6847
2018-04-12 10:33:59,6847
2018-04-12 10:34:58,6847.5
2018-04-12 10:35:59,6847
2018-04-12 10:36:59,6855.5
2018-04-12 10:37:59,6852.5
2018-04-12 10:38:59,6855.5
2018-04-12 10:39:59,6856.5
2018-04-12 10:40:59,6858.5
2018-04-12 10:41:59,6861
2018-04-12 10:42:59,6865
2018-04-12 10:43:59,6894.5
2018-04-12 10:44:59,6889
2018-04-12 10:45:59,6902
2018-04-12 10:46:59,6921
2018-04-12 10:47:59,6919.5
2018-04-12 10:48:59,6914.5
2018-04-12 10:49:59,6920
2018-04-12 10:50:59,6925
2018-04-12 10:51:59,6923.5
2018-04-12 10:52:59,6943.5
2018-04-12 10:53:59,6941.5
2018-04-12 10:54:59,6941
2018-04-12 10:55:59,6932.5
2018-04-12 10:56:59,6930
2018-04-12 10:57:58,6925
2018-04-12 10:58:59,6922
2018-04-12 10:59:59,6925
2018-04-12 11:00:59,6931
2018-04-12 11:01:59,6938.5
2018-04-12 11:02:59,6948
2018-04-12 11:03:59,6945.5
2018-04-12 11:04:59,6942
2018-04-12 11:05:59,6971
2018-04-12 11:06:59,7055
2018-04-12 11:07:59,7120
2018-04-12 11:08:59,7219
2018-04-12 11:09:59,7238
2018-04-12 11:10:59,7260.5
2018-04-12 11:11:59,7274.5
2018-04-12 11:12:59,7260
2018-04-12 11:13:59,7280
2018-04-12 11:14:59,7330
2018-04-12 11:15:59,7356
2018-04-12 11:16:59,7386
2018-04-12 11:17:59,7427
2018-04-12 11:18:59,7427.5
2018-04-12 11:19:59,7439
2018-04-12 11:20:59,7471.5
2018-04-12 11:21:59,7597
2018-04-12 11:22:59,7570.5
2018-04-12 11:23:59,7640
2018-04-12 11:24:59,7685.5
2018-04-12 11:25:59,7698.5
2018-04-12 11:26:59,7607
2018-04-12 11:27:59,7611.5
2018-04-12 11:28:59,7641
2018-04-12 11:29:59,7662
2018-04-12 11:30:59,7626
2018-04-12 11:31:59,7645
2018-04-12 11:32:59,7650
2018-04-12 11:33:59,7730
2018-04-12 11:34:59,7750
2018-04-12 11:35:59,7760
2018-04-12 11:36:59,7836
2018-04-12 11:37:59,7950.5
2018-04-12 11:38:59,8080
2018-04-12 11:39:59,8095
2018-04-12 11:40:59,8118.5
2018-04-12 11:41:59,8083
2018-04-12 11:42:59,7999
2018-04-12 11:43:59,7882.5
2018-04-12 11:44:59,7875.5
2018-04-12 11:45:59,7938.5
2018-04-12 11:46:59,7903
2018-04-12 11:47:59,7827
2018-04-12 11:48:59,7830.5
2018-04-12 11:49:59,7720
2018-04-12 11:50:59,7759.5
2018-04-12 11:51:59,7775.5
2018-04-12 11:52:59,7900
2018-04-12 11:53:59,7850
2018-04-12 11:54:59,7846.5
2018-04-12 11:55:59,7780.5
2018-04-12 11:56:59,7770.5
2018-04-12 11:57:59,7747.5
2018-04-12 11:58:59,7795.5
2018-04-12 11:59:59,7780
2018-04-12 12:00:59,7818.5
2018-04-12 12:01:59,7786
2018-04-12 12:02:59,7779
2018-04-12 12:03:59,7769.5
2018-04-12 12:04:59,7816
2018-04-12 12:05:59,7779
2018-04-12 12:06:59,7735.5
2018-04-12 12:07:59,7777
2018-04-12 12:08:59,7759.5
2018-04-12 12:09:59,7751
2018-04-12 12:10:59,7739.5
2018-04-12 12:11:59,7736
2018-04-12 12:12:59,7719.5
2018-04-12 12:13:59,7726.5
2018-04-12 12:14:59,7707
2018-04-12 12:15:59,7730.5
2018-04-12 12:16:59,7712.5
2018-04-12 12:17:59,7691.5
2018-04-12 12:18:59,7690.5
2018-04-12 12:19:59,7666
2018-04-12 12:20:59,7676
2018-04-12 12:21:59,7726.5
2018-04-12 12:22:59,7710
2018-04-12 12:23:59,7684
2018-04-12 12:24:59,7691.5
2018-04-12 12:25:59,7674.5
2018-04-12 12:26:59,7708
2018-04-12 12:27:59,7698
2018-04-12 12:28:59,7716.5
2018-04-12 12:29:59,7721
2018-04-12 12:30:59,7775.5
2018-04-12 12:31:59,7758.5
2018-04-12 12:32:59,7738
2018-04-12 12:33:59,7720
2018-04-12 12:34:59,7725
2018-04-12 12:35:59,7703
2018-04-12 12:36:59,7704.5
2018-04-12 12:37:59,7700
2018-04-12 12:38:59,7694
2018-04-12 12:39:59,7694
2018-04-12 12:40:59,7704.5
2018-04-12 12:41:59,7723.5
2018-04-12 12:42:59,7732
2018-04-12 12:43:59,7728
2018-04-12 12:44:59,7728.5
2018-04-12 12:45:59,7714
2018-04-12 12:46:59,7715.5
2018-04-12 12:47:59,7725
2018-04-12 12:48:59,7740.5
2018-04-12 12:49:59,7735
2018-04-12 12:50:59,7725.5
2018-04-12 12:51:59,7724.5
2018-04-12 12:52:59,7725.5
2018-04-12 12:53:59,7721
2018-04-12 12:54:59,7740.5
2018-04-12 12:55:59,7725.5
2018-04-12 12:56:59,7724.5
2018-04-12 12:57:59,7729
2018-04-12 12:58:59,7716.5
2018-04-12 12:59:59,7717.5
2018-04-12 13:00:59,7716
2018-04-12 13:01:59,7720
2018-04-12 13:02:59,7726.5
2018-04-12 13:03:59,7712
2018-04-12 13:04:59,7699
2018-04-12 13:05:59,7709
2018-04-12 13:06:59,7707.5
2018-04-12 13:07:59,7704.5
2018-04-12 13:08:59,7690.5
2018-04-12 13:09:59,7655
2018-04-12 13:10:59,7683.5
2018-04-12 13:11:59,7670
2018-04-12 13:12:59,7668
2018-04-12 13:13:59,7666
2018-04-12 13:14:59,7682
2018-04-12 13:15:59,7686.5
2018-04-12 13:16:59,7684.5
2018-04-12 13:17:59,7702.5
2018-04-12 13:18:59,7711.5
2018-04-12 13:19:59,7696.5
2018-04-12 13:20:59,7703.5
2018-04-12 13:21:59,7690
2018-04-12 13:22:59,7695
2018-04-12 13:23:59,7690.5
2018-04-12 13:24:59,7695
2018-04-12 13:25:58,7690
2018-04-12 13:26:59,7691
2018-04-12 13:27:59,7704
2018-04-12 13:28:59,7714
2018-04-12 13:29:59,7704
2018-04-12 13:30:59,7708
2018-04-12 13:31:59,7711
2018-04-12 13:32:59,7705
2018-04-12 13:33:59,7697
2018-04-12 13:34:59,7690.5
2018-04-12 13:35:59,7697
2018-04-12 13:36:59,7700.5
2018-04-12 13:37:59,7701.5
2018-04-12 13:38:59,7704
2018-04-12 13:39:59,7701.5
2018-04-12 13:40:59,7705
2018-04-12 13:41:59,7713.5
2018-04-12 13:42:59,7738.5
2018-04-12 13:43:59,7723.5
2018-04-12 13:44:59,7727
2018-04-12 13:45:59,7734.5
2018-04-12 13:46:59,7732.5
2018-04-12 13:47:59,7721.5
2018-04-12 13:48:59,7715.5
2018-04-12 13:49:59,7716.5
2018-04-12 13:50:58,7700
2018-04-12 13:51:59,7709
2018-04-12 13:52:59,7712
2018-04-12 13:53:58,7708
2018-04-12 13:54:59,7710
2018-04-12 13:55:58,7701.5
2018-04-12 13:56:59,7691
2018-04-12 13:57:59,7694.5
2018-04-12 13:58:57,7701.5
2018-04-12 13:59:59,7694
2018-04-12 14:00:59,7705
2018-04-12 14:01:59,7708
2018-04-12 14:02:59,7707
2018-04-12 14:03:59,7709.5
2018-04-12 14:04:58,7709.5
2018-04-12 14:05:59,7710
2018-04-12 14:06:59,7710
2018-04-12 14:07:57,7714.5
2018-04-12 14:08:59,7710.5
2018-04-12 14:09:59,7710
2018-04-12 14:10:58,7715
2018-04-12 14:11:59,7726
2018-04-12 14:12:59,7717.5
2018-04-12 14:13:59,7712
2018-04-12 14:14:59,7716
2018-04-12 14:15:59,7715.5
2018-04-12 14:16:58,7716
2018-04-12 14:17:57,7715.5
2018-04-12 14:18:59,7699.5
2018-04-12 14:19:57,7706.5
2018-04-12 14:20:59,7702.5
2018-04-12 14:21:59,7702
2018-04-12 14:22:59,7704
2018-04-12 14:23:57,7706.5
2018-04-12 14:24:58,7706.5
2018-04-12 14:25:59,7700.5
2018-04-12 14:26:59,7700.5
2018-04-12 14:27:58,7704
2018-04-12 14:28:59,7704
2018-04-12 14:29:59,7704
2018-04-12 14:30:59,7691.5
2018-04-12 14:31:59,7698
2018-04-12 14:32:59,7670
2018-04-12 14:33:59,7665.5
2018-04-12 14:34:59,7674
2018-04-12 14:35:59,7678
2018-04-12 14:36:59,7686
2018-04-12 14:37:59,7686.5
2018-04-12 14:38:59,7683
2018-04-12 14:39:59,7683.5
2018-04-12 14:40:58,7683.5
2018-04-12 14:41:59,7684
2018-04-12 14:42:59,7673.5
2018-04-12 14:43:59,7672.5
2018-04-12 14:44:59,7669
2018-04-12 14:45:59,7660
2018-04-12 14:46:59,7633.5
2018-04-12 14:47:59,7643
2018-04-12 14:48:59,7644
2018-04-12 14:49:59,7636
2018-04-12 14:50:59,7617
2018-04-12 14:51:59,7630
2018-04-12 14:52:59,7643
2018-04-12 14:53:59,7659.5
2018-04-12 14:54:59,7655
2018-04-12 14:55:59,7654.5
2018-04-12 14:56:59,7657
2018-04-12 14:57:59,7662.5
2018-04-12 14:58:59,7672.5
2018-04-12 14:59:59,7662
2018-04-12 15:00:59,7667
2018-04-12 15:01:59,7667.5
2018-04-12 15:02:59,7669.5
2018-04-12 15:03:59,7669.5
2018-04-12 15:04:59,7656.5
2018-04-12 15:05:59,7651
2018-04-12 15:06:59,7642
2018-04-12 15:07:58,7651
2018-04-12 15:08:58,7655
2018-04-12 15:09:59,7650.5
2018-04-12 15:10:58,7649
2018-04-12 15:11:59,7646
2018-04-12 15:12:59,7646
2018-04-12 15:13:59,7647.5
2018-04-12 15:14:59,7650
2018-04-12 15:15:59,7646.5
2018-04-12 15:16:59,7637
2018-04-12 15:17:59,7640
2018-04-12 15:18:58,7647
2018-04-12 15:19:59,7651
2018-04-12 15:20:59,7649
2018-04-12 15:21:59,7649.5
2018-04-12 15:22:59,7644.5
2018-04-12 15:23:59,7637
2018-04-12 15:24:59,7624.5
2018-04-12 15:25:59,7632
2018-04-12 15:26:59,7631.5
2018-04-12 15:27:59,7620
2018-04-12 15:28:59,7627.5
2018-04-12 15:29:59,7630
2018-04-12 15:30:59,7623
2018-04-12 15:31:59,7620.5
2018-04-12 15:32:59,7624.5
2018-04-12 15:33:59,7636.5
2018-04-12 15:34:59,7634.5
2018-04-12 15:35:58,7637
2018-04-12 15:36:59,7635
2018-04-12 15:37:59,7635.5
2018-04-12 15:38:59,7637
2018-04-12 15:39:59,7648.5
2018-04-12 15:40:59,7641
2018-04-12 15:41:59,7641
2018-04-12 15:42:59,7643.5
2018-04-12 15:43:59,7648
2018-04-12 15:44:59,7646.5
2018-04-12 15:45:59,7638
2018-04-12 15:46:58,7637.5
2018-04-12 15:47:58,7640
2018-04-12 15:48:59,7637.5
2018-04-12 15:49:59,7636.5
2018-04-12 15:50:58,7637
2018-04-12 15:51:59,7635
2018-04-12 15:52:57,7632.5
2018-04-12 15:53:59,7629.5
2018-04-12 15:54:59,7628.5
2018-04-12 15:55:57,7629.5
2018-04-12 15:56:59,7630
2018-04-12 15:57:59,7617
2018-04-12 15:58:59,7625
2018-04-12 15:59:59,7634.5
2018-04-12 16:00:58,7634
2018-04-12 16:01:59,7626.5
2018-04-12 16:02:59,7626.5
2018-04-12 16:03:59,7612
2018-04-12 16:04:59,7612
2018-04-12 16:05:59,7622
2018-04-12 16:06:58,7622.5
2018-04-12 16:07:58,7624
2018-04-12 16:08:59,7632
2018-04-12 16:09:59,7624
2018-04-12 16:10:59,7619.5
2018-04-12 16:11:59,7619.5
2018-04-12 16:12:58,7628
2018-04-12 16:13:58,7627.5
2018-04-12 16:14:59,7635.5
2018-04-12 16:15:59,7630
2018-04-12 16:16:59,7628
2018-04-12 16:17:59,7628.5
2018-04-12 16:18:59,7633
2018-04-12 16:19:57,7632.5
2018-04-12 16:20:58,7632.5
2018-04-12 16:21:58,7632.5
2018-04-12 16:22:57,7630.5
2018-04-12 16:23:59,7630.5
2018-04-12 16:24:58,7630.5
2018-04-12 16:25:58,7627.5
2018-04-12 16:26:59,7620.5
2018-04-12 16:27:59,7622.5
2018-04-12 16:28:48,7625
2018-04-12 16:29:58,7622
2018-04-12 16:30:59,7621
2018-04-12 16:31:59,7621
2018-04-12 16:32:59,7621
2018-04-12 16:33:58,7621
2018-04-12 16:34:59,7622
2018-04-12 16:35:59,7622
2018-04-12 16:36:58,7622.5
2018-04-12 16:37:59,7616
2018-04-12 16:38:59,7612
2018-04-12 16:39:59,7613
2018-04-12 16:40:58,7612.5
2018-04-12 16:41:59,7604.5
2018-04-12 16:42:59,7619
2018-04-12 16:43:59,7616
2018-04-12 16:44:59,7618
2018-04-12 16:45:59,7618.5
2018-04-12 16:46:59,7615
2018-04-12 16:47:59,7605.5
2018-04-12 16:48:59,7610.5
2018-04-12 16:49:58,7610.5
2018-04-12 16:50:59,7611.5
2018-04-12 16:51:58,7610.5
2018-04-12 16:52:59,7608.5
2018-04-12 16:53:58,7605.5
2018-04-12 16:54:59,7605.5
2018-04-12 16:55:59,7580
2018-04-12 16:56:59,7598.5
2018-04-12 16:57:59,7589
2018-04-12 16:58:59,7600
2018-04-12 16:59:59,7649.5
2018-04-12 17:00:59,7666.5
2018-04-12 17:01:59,7700
2018-04-12 17:02:59,7782.5
2018-04-12 17:03:59,7774
2018-04-12 17:04:59,7738.5
2018-04-12 17:05:59,7746.5
2018-04-12 17:06:59,7720
2018-04-12 17:07:59,7720.5
2018-04-12 17:08:59,7718.5
2018-04-12 17:09:59,7690
2018-04-12 17:10:59,7703
2018-04-12 17:11:59,7705.5
2018-04-12 17:12:59,7701
2018-04-12 17:13:59,7706.5
2018-04-12 17:14:59,7707
2018-04-12 17:15:59,7701.5
2018-04-12 17:16:59,7706
2018-04-12 17:17:59,7715
2018-04-12 17:18:59,7713.5
2018-04-12 17:19:59,7706.5
2018-04-12 17:20:59,7699.5
2018-04-12 17:21:59,7712
2018-04-12 17:22:58,7704.5
2018-04-12 17:23:59,7700
2018-04-12 17:24:59,7695.5
2018-04-12 17:25:58,7702.5
2018-04-12 17:26:59,7702
2018-04-12 17:27:59,7706.5
2018-04-12 17:28:59,7703
2018-04-12 17:29:59,7703
2018-04-12 17:30:59,7696.5
2018-04-12 17:31:59,7700.5
2018-04-12 17:32:58,7699
2018-04-12 17:33:59,7698.5
2018-04-12 17:34:59,7691
2018-04-12 17:35:59,7681
2018-04-12 17:36:59,7696.5
2018-04-12 17:37:59,7693.5
2018-04-12 17:38:59,7691.5
2018-04-12 17:39:59,7695.5
2018-04-12 17:40:59,7690
2018-04-12 17:41:59,7687.5
2018-04-12 17:42:58,7683.5
2018-04-12 17:43:58,7688.5
2018-04-12 17:44:59,7692
2018-04-12 17:45:59,7701
2018-04-12 17:46:59,7701
2018-04-12 17:47:59,7701.5
2018-04-12 17:48:59,7707.5
2018-04-12 17:49:59,7708
2018-04-12 17:50:59,7703
2018-04-12 17:51:58,7698
2018-04-12 17:52:59,7698
2018-04-12 17:53:57,7699.5
2018-04-12 17:54:57,7694.5
2018-04-12 17:55:59,7695.5
2018-04-12 17:56:57,7696.5
2018-04-12 17:57:59,7693.5
2018-04-12 17:58:59,7692.5
2018-04-12 17:59:58,7695.5
2018-04-12 18:00:59,7699
2018-04-12 18:01:59,7705.5
2018-04-12 18:02:59,7696
2018-04-12 18:03:57,7696
2018-04-12 18:04:59,7696.5
2018-04-12 18:05:58,7697.5
2018-04-12 18:06:58,7696
2018-04-12 18:07:59,7697
2018-04-12 18:08:59,7697
2018-04-12 18:09:58,7697
2018-04-12 18:10:58,7696
2018-04-12 18:11:59,7690.5
2018-04-12 18:12:55,7693
2018-04-12 18:13:57,7691
2018-04-12 18:14:59,7695
2018-04-12 18:15:57,7696
2018-04-12 18:16:59,7696.5
2018-04-12 18:17:59,7696.5
2018-04-12 18:18:56,7696
2018-04-12 18:19:59,7693.5
2018-04-12 18:20:59,7695
2018-04-12 18:21:59,7692
2018-04-12 18:22:59,7685
2018-04-12 18:23:59,7687.5
2018-04-12 18:24:57,7689.5
2018-04-12 18:25:57,7695.5
2018-04-12 18:26:59,7695
2018-04-12 18:27:53,7694
2018-04-12 18:28:59,7692.5
2018-04-12 18:29:59,7690
2018-04-12 18:30:59,7682
2018-04-12 18:31:59,7668.5
2018-04-12 18:32:59,7679.5
2018-04-12 18:33:59,7679.5
2018-04-12 18:34:59,7676
2018-04-12 18:35:59,7673
2018-04-12 18:36:59,7676
2018-04-12 18:37:58,7676.5
2018-04-12 18:38:59,7676
2018-04-12 18:39:59,7661
2018-04-12 18:40:54,7671.5
2018-04-12 18:41:58,7664
2018-04-12 18:42:59,7664
2018-04-12 18:43:59,7669.5
2018-04-12 18:44:59,7665.5
2018-04-12 18:45:59,7669
2018-04-12 18:46:58,7683.5
2018-04-12 18:47:59,7677.5
2018-04-12 18:48:58,7680.5
2018-04-12 18:49:58,7680.5
2018-04-12 18:50:59,7681
2018-04-12 18:51:57,7686
2018-04-12 18:52:59,7682.5
2018-04-12 18:53:59,7685.5
2018-04-12 18:54:59,7689
2018-04-12 18:55:59,7688
2018-04-12 18:56:59,7705.5
2018-04-12 18:57:58,7698
2018-04-12 18:58:58,7697.5
2018-04-12 18:59:59,7688
2018-04-12 19:00:58,7694.5
2018-04-12 19:01:59,7700
2018-04-12 19:02:59,7698
2018-04-12 19:03:59,7702
2018-04-12 19:04:59,7692.5
2018-04-12 19:05:59,7693
2018-04-12 19:06:54,7693
2018-04-12 19:07:59,7695
2018-04-12 19:08:59,7695
2018-04-12 19:09:57,7695
2018-04-12 19:10:58,7694.5
2018-04-12 19:11:57,7694.5
2018-04-12 19:12:59,7695
2018-04-12 19:13:59,7694.5
2018-04-12 19:14:52,7695
2018-04-12 19:15:58,7695.5
2018-04-12 19:16:59,7695.5
2018-04-12 19:17:55,7695
2018-04-12 19:18:58,7694.5
2018-04-12 19:19:59,7686.5
2018-04-12 19:20:59,7689
2018-04-12 19:21:58,7690
2018-04-12 19:22:59,7689.5
2018-04-12 19:23:59,7690
2018-04-12 19:24:54,7689
2018-04-12 19:25:56,7688.5
2018-04-12 19:26:59,7691.5
2018-04-12 19:27:59,7694.5
2018-04-12 19:28:59,7694
2018-04-12 19:29:59,7700
2018-04-12 19:30:59,7732.5
2018-04-12 19:31:59,7739
2018-04-12 19:32:59,7719
2018-04-12 19:33:59,7708.5
2018-04-12 19:34:59,7711
2018-04-12 19:35:59,7700.5
2018-04-12 19:36:59,7696.5
2018-04-12 19:37:58,7691
2018-04-12 19:38:59,7694
2018-04-12 19:39:59,7690.5
2018-04-12 19:40:59,7671
2018-04-12 19:41:59,7690
2018-04-12 19:42:59,7690
2018-04-12 19:43:58,7682
2018-04-12 19:44:59,7687
2018-04-12 19:45:59,7686.5
2018-04-12 19:46:59,7677.5
2018-04-12 19:47:57,7680.5
2018-04-12 19:48:58,7681
2018-04-12 19:49:59,7690
2018-04-12 19:50:59,7699
2018-04-12 19:51:58,7690.5
2018-04-12 19:52:57,7691
2018-04-12 19:53:54,7690
2018-04-12 19:54:59,7684.5
2018-04-12 19:55:59,7684.5
2018-04-12 19:56:59,7678.5
2018-04-12 19:57:59,7682.5
2018-04-12 19:58:59,7684
2018-04-12 19:59:59,7684
2018-04-12 20:00:59,7683
2018-04-12 20:01:57,7683
2018-04-12 20:02:59,7680
2018-04-12 20:03:59,7679
2018-04-12 20:04:58,7679.5
2018-04-12 20:05:59,7679
2018-04-12 20:06:58,7685
2018-04-12 20:07:59,7686.5
2018-04-12 20:08:59,7686.5
2018-04-12 20:09:59,7684
2018-04-12 20:10:58,7685.5
2018-04-12 20:11:59,7688
2018-04-12 20:12:59,7688.5
2018-04-12 20:13:59,7709.5
2018-04-12 20:14:59,7705.5
2018-04-12 20:15:58,7701
2018-04-12 20:16:59,7702.5
2018-04-12 20:17:59,7705.5
2018-04-12 20:18:59,7697.5
2018-04-12 20:19:57,7697.5
2018-04-12 20:20:59,7692
2018-04-12 20:21:58,7692
2018-04-12 20:22:59,7694
2018-04-12 20:23:59,7702
2018-04-12 20:24:56,7704
2018-04-12 20:25:59,7706
2018-04-12 20:26:59,7700.5
2018-04-12 20:27:59,7700
2018-04-12 20:28:58,7696.5
2018-04-12 20:29:59,7695.5
2018-04-12 20:30:59,7700.5
2018-04-12 20:31:59,7708.5
2018-04-12 20:32:59,7713
2018-04-12 20:33:59,7706
2018-04-12 20:34:58,7703.5
2018-04-12 20:35:58,7704
2018-04-12 20:36:59,7701
2018-04-12 20:37:59,7703
2018-04-12 20:38:59,7710.5
2018-04-12 20:39:59,7711.5
2018-04-12 20:40:59,7717.5
2018-04-12 20:41:59,7725
2018-04-12 20:42:59,7713
2018-04-12 20:43:59,7722.5
2018-04-12 20:44:59,7724
2018-04-12 20:45:58,7712.5
2018-04-12 20:46:59,7720.5
2018-04-12 20:47:59,7718.5
2018-04-12 20:48:59,7719
2018-04-12 20:49:59,7719.5
2018-04-12 20:50:59,7720
2018-04-12 20:51:59,7713.5
2018-04-12 20:52:58,7709
2018-04-12 20:53:59,7721
2018-04-12 20:54:59,7717
2018-04-12 20:55:59,7717
2018-04-12 20:56:56,7717
2018-04-12 20:57:59,7721.5
2018-04-12 20:58:59,7722.5
2018-04-12 20:59:59,7725.5
2018-04-12 21:00:59,7733
2018-04-12 21:01:59,7725
2018-04-12 21:02:59,7716.5
2018-04-12 21:03:59,7719.5
2018-04-12 21:04:59,7719.5
2018-04-12 21:05:59,7721.5
2018-04-12 21:06:59,7714.5
2018-04-12 21:07:59,7714.5
2018-04-12 21:08:59,7689.5
2018-04-12 21:09:59,7698.5
2018-04-12 21:10:58,7700
2018-04-12 21:11:58,7701
2018-04-12 21:12:59,7702
2018-04-12 21:13:59,7707.5
2018-04-12 21:14:59,7714.5
2018-04-12 21:15:59,7714.5
2018-04-12 21:16:59,7708
2018-04-12 21:17:57,7709.5
2018-04-12 21:18:58,7713.5
2018-04-12 21:19:58,7715
2018-04-12 21:20:59,7719.5
2018-04-12 21:21:59,7720
2018-04-12 21:22:58,7720
2018-04-12 21:23:59,7726
2018-04-12 21:24:59,7740
2018-04-12 21:25:59,7730.5
2018-04-12 21:26:59,7748.5
2018-04-12 21:27:59,7783.5
2018-04-12 21:28:59,7786
2018-04-12 21:29:59,7910.5
2018-04-12 21:30:59,7852.5
2018-04-12 21:31:59,7874
2018-04-12 21:32:59,7832.5
2018-04-12 21:33:59,7845
2018-04-12 21:34:59,7848
2018-04-12 21:35:58,7835.5
2018-04-12 21:36:59,7825
2018-04-12 21:37:59,7833
2018-04-12 21:38:59,7840
2018-04-12 21:39:59,7844
2018-04-12 21:40:57,7844.5
2018-04-12 21:41:59,7825.5
2018-04-12 21:42:59,7842
2018-04-12 21:43:59,7834
2018-04-12 21:44:58,7833.5
2018-04-12 21:45:59,7848
2018-04-12 21:46:59,7839
2018-04-12 21:47:59,7834.5
2018-04-12 21:48:59,7834.5
2018-04-12 21:49:57,7834
2018-04-12 21:50:59,7830
2018-04-12 21:51:59,7821.5
2018-04-12 21:52:59,7812
2018-04-12 21:53:59,7802.5
2018-04-12 21:54:59,7809
2018-04-12 21:55:59,7811.5
2018-04-12 21:56:59,7811
2018-04-12 21:57:58,7817
2018-04-12 21:58:58,7819
2018-04-12 21:59:59,7820
2018-04-12 22:00:59,7820
2018-04-12 22:01:59,7819
2018-04-12 22:02:59,7814
2018-04-12 22:03:59,7789.5
2018-04-12 22:04:59,7798
2018-04-12 22:05:59,7781
2018-04-12 22:06:59,7754.5
2018-04-12 22:07:59,7774.5
2018-04-12 22:08:58,7765
2018-04-12 22:09:59,7775.5
2018-04-12 22:10:59,7803.5
2018-04-12 22:11:58,7790
2018-04-12 22:12:59,7786
2018-04-12 22:13:59,7792.5
2018-04-12 22:14:59,7798
2018-04-12 22:15:59,7799
2018-04-12 22:16:59,7791
2018-04-12 22:17:59,7791
2018-04-12 22:18:59,7783.5
2018-04-12 22:19:59,7771.5
2018-04-12 22:20:59,7779.5
2018-04-12 22:21:59,7787
2018-04-12 22:22:59,7787.5
2018-04-12 22:23:57,7786
2018-04-12 22:24:59,7784.5
2018-04-12 22:25:58,7782.5
2018-04-12 22:26:58,7783
2018-04-12 22:27:59,7798
2018-04-12 22:28:59,7799.5
2018-04-12 22:29:58,7790
2018-04-12 22:30:59,7784
2018-04-12 22:31:59,7798
2018-04-12 22:32:59,7809.5
2018-04-12 22:33:59,7809
2018-04-12 22:34:59,7797
2018-04-12 22:35:59,7813
2018-04-12 22:36:59,7816
2018-04-12 22:37:59,7810.5
2018-04-12 22:38:58,7815.5
2018-04-12 22:39:58,7819.5
2018-04-12 22:40:59,7809.5
2018-04-12 22:41:59,7803
2018-04-12 22:42:59,7804.5
2018-04-12 22:43:58,7804.5
2018-04-12 22:44:59,7815
2018-04-12 22:45:59,7815
2018-04-12 22:46:59,7798.5
2018-04-12 22:47:58,7807
2018-04-12 22:48:59,7811
2018-04-12 22:49:59,7811.5
2018-04-12 22:50:59,7831.5
2018-04-12 22:51:59,7832
2018-04-12 22:52:59,7832.5
2018-04-12 22:53:59,7833
2018-04-12 22:54:59,7830.5
2018-04-12 22:55:59,7838
2018-04-12 22:56:59,7833
2018-04-12 22:57:59,7835.5
2018-04-12 22:58:59,7833.5
2018-04-12 22:59:59,7862
2018-04-12 23:00:59,7876
2018-04-12 23:01:59,7847
2018-04-12 23:02:59,7858.5
2018-04-12 23:03:59,7833
2018-04-12 23:04:59,7829
2018-04-12 23:05:58,7840.5
2018-04-12 23:06:59,7833
2018-04-12 23:07:58,7841
2018-04-12 23:08:59,7848.5
2018-04-12 23:09:59,7842
2018-04-12 23:10:59,7843
2018-04-12 23:11:59,7843.5
2018-04-12 23:12:59,7846
2018-04-12 23:13:59,7837.5
2018-04-12 23:14:59,7839
2018-04-12 23:15:59,7838
2018-04-12 23:16:59,7839.5
2018-04-12 23:17:59,7833
2018-04-12 23:18:59,7832.5
2018-04-12 23:19:58,7835
2018-04-12 23:20:59,7834.5
2018-04-12 23:21:59,7839
2018-04-12 23:22:59,7846.5
2018-04-12 23:23:58,7854
2018-04-12 23:24:59,7864
2018-04-12 23:25:59,7873
2018-04-12 23:26:59,7885.5
2018-04-12 23:27:59,7865.5
2018-04-12 23:28:59,7883
2018-04-12 23:29:59,7865
2018-04-12 23:30:59,7873.5
2018-04-12 23:31:59,7871
2018-04-12 23:32:59,7877.5
2018-04-12 23:33:59,7882.5
2018-04-12 23:34:59,7897
2018-04-12 23:35:59,8000
2018-04-12 23:36:59,7910
2018-04-12 23:37:59,7945.5
2018-04-12 23:38:59,7913.5
2018-04-12 23:39:59,7919.5
2018-04-12 23:40:59,7929
2018-04-12 23:41:59,7913
2018-04-12 23:42:59,7898.5
2018-04-12 23:43:59,7880.5
2018-04-12 23:44:59,7893.5
2018-04-12 23:45:59,7895
2018-04-12 23:46:58,7905
2018-04-12 23:47:59,7902.5
2018-04-12 23:48:59,7908.5
2018-04-12 23:49:59,7899.5
2018-04-12 23:50:58,7900.5
2018-04-12 23:51:57,7902.5
2018-04-12 23:52:59,7905
2018-04-12 23:53:57,7906
2018-04-12 23:54:59,7903.5
2018-04-12 23:55:59,7900
2018-04-12 23:56:59,7911.5
2018-04-12 23:57:59,7916
2018-04-12 23:58:59,7902.5
2018-04-12 23:59:59,7904.5
